Workbook

Sheet استيراد الملخص
B3: تم تصدير هذا المستند من برنامج الأعداد. تم تحويل كل جدول إلى ورقة عمل Excel. كل العناصر الأخرى في كل ورقة من أوراق برنامج الأعداد تم وضعهم في أوراق عمل منفصلة. الرجاء مراعاة أن حساب الصيغ قد يختلف في Excel.
B7: اسم ورقة برنامج الأعداد | C7: اسم جدول برنامج الأعداد | D7: اسم ورقة عمل Excel
B9: Feuille1
C10: الجدول ١ | D10: Feuille1
B11: Reference Table
C12: الجدول ١ | D12: Reference Table
B13: Solution
C14: الجدول ١ | D14: Solution

Sheet Feuille1
B2: Sample Excel File with Employee Data for Practice
B4: Name | C4: Joining Date | D4: Email Address | E4: Department | F4: Monthly Salary | G4: Job Status
B5: Mark | C5: 44561
B6: Brian | C6: 44561
B7: Alan | C7: 44575
B8: Tony | C8: 44575
B9: Agatha | C9: 44593
B10: Lana | C10: 44593
B11: Heather | C11: 44777
B12: Ben | C12: 44777
B13: Caitlyn | C13: 44621
B14: Gibbs | C14: 44621
B15: Anderson | C15: 44621
B16: Michael | C16: 44621
... B25: Jack | C25: 44564
B27: Today's Date
B28: 44802

Sheet Reference Table
B2: Salary Structure
B4: Department | C4: Salary
B5: Human Resources | C5: 5830
B6: Sales | C6: 3450
B7: Legal | C7: 4920
B8: Retail | C8: 2785
B9: Accounting | C9: 3125
B10: Support | C10: 2500
B11: Business Development | C11: 3100

Sheet Solution
B2: Sample Excel File with Employee Data for Practice
B4: Name | C4: Joining Date | D4: Email Address | E4: Department | F4: Monthly Salary | G4: Job Status
B5: Mark | C5: 44561 | D5: {=B5&"@demomail.com"} -> Mark@demomail.com | E5: Human Resources | F5: {=VLOOKUP(E5,'Reference Table'!$B$5:$C$11,2,0)} -> 5830 | G5: {=IF($B$28-C5>180,"Permanent","")} -> Permanent
B6: Brian | C6: 44561 | D6: {=B6&"@demomail.com"} -> Brian@demomail.com | E6: Sales | F6: {=VLOOKUP(E6,'Reference Table'!$B$5:$C$11,2,0)} -> 3450 | G6: {=IF($B$28-C6>180,"Permanent","")} -> Permanent
B7: Alan | C7: 44575 | D7: {=B7&"@demomail.com"} -> Alan@demomail.com | E7: Legal | F7: {=VLOOKUP(E7,'Reference Table'!$B$5:$C$11,2,0)} -> 4920 | G7: {=IF($B$28-C7>180,"Permanent","")} -> Permanent
B8: Tony | C8: 44575 | D8: {=B8&"@demomail.com"} -> Tony@demomail.com | E8: Retail | F8: {=VLOOKUP(E8,'Reference Table'!$B$5:$C$11,2,0)} -> 2785 | G8: {=IF($B$28-C8>180,"Permanent","")} -> Permanent
B9: Agatha | C9: 44593 | D9: {=B9&"@demomail.com"} -> Agatha@demomail.com | E9: Sales | F9: {=VLOOKUP(E9,'Reference Table'!$B$5:$C$11,2,0)} -> 3450 | G9: {=IF($B$28-C9>180,"Permanent","")} -> Permanent
B10: Lana | C10: 44593 | D10: {=B10&"@demomail.com"} -> Lana@demomail.com | E10: Accounting | F10: {=VLOOKUP(E10,'Reference Table'!$B$5:$C$11,2,0)} -> 3125 | G10: {=IF($B$28-C10>180,"Permanent","")} -> Permanent
B11: Heather | C11: 44777 | D11: {=B11&"@demomail.com"} -> Heather@demomail.com | E11: Accounting | F11: {=VLOOKUP(E11,'Reference Table'!$B$5:$C$11,2,0)} -> 3125 | G11: {=IF($B$28-C11>180,"Permanent","")}
B12: Ben | C12: 44777 | D12: {=B12&"@demomail.com"} -> Ben@demomail.com | E12: Sales | F12: {=VLOOKUP(E12,'Reference Table'!$B$5:$C$11,2,0)} -> 3450 | G12: {=IF($B$28-C12>180,"Permanent","")}
B13: Caitlyn | C13: 44621 | D13: {=B13&"@demomail.com"} -> Caitlyn@demomail.com | E13: Retail | F13: {=VLOOKUP(E13,'Reference Table'!$B$5:$C$11,2,0)} -> 2785 | G13: {=IF($B$28-C13>180,"Permanent","")} -> Permanent
B14: Gibbs | C14: 44621 | D14: {=B14&"@demomail.com"} -> Gibbs@demomail.com | E14: Retail | F14: {=VLOOKUP(E14,'Reference Table'!$B$5:$C$11,2,0)} -> 2785 | G14: {=IF($B$28-C14>180,"Permanent","")} -> Permanent
B15: Anderson | C15: 44621 | D15: {=B15&"@demomail.com"} -> Anderson@demomail.com | E15: Sales | F15: {=VLOOKUP(E15,'Reference Table'!$B$5:$C$11,2,0)} -> 3450 | G15: {=IF($B$28-C15>180,"Permanent","")} -> Permanent
B16: Michael | C16: 44621 | D16: {=B16&"@demomail.com"} -> Michael@demomail.com | E16: Retail | F16: {=VLOOKUP(E16,'Reference Table'!$B$5:$C$11,2,0)} -> 2785 | G16: {=IF($B$28-C16>180,"Permanent","")} -> Permanent
... B25: Jack | C25: 44564 | D25: {=B25&"@demomail.com"} -> Jack@demomail.com | E25: Support | F25: {=VLOOKUP(E25,'Reference Table'!$B$5:$C$11,2,0)} -> 2500 | G25: {=IF($B$28-C25>180,"Permanent","")} -> Permanent
B27: Today's Date
B28: 44802
